Name,Overview,Products & Services,Zoominfo Revenue,RocketReach Revenue,General Revenue,Founder/CEO,Employee,Year Founded,Business Type
Veritas Capital Fund Management LLC," Veritas Capital is a technology-focused private equity firm based in New York, with over $40 billion in assets under management. The company primarily invests in technology or technology-enabled solutions, particularly those operating at the intersection of technology and government. Veritas Capital's team includes Managing Director Rushin Shah, who previously founded Nine27 Capital Management, and Hardik Patel. The firm guides portfolio companies' strategies as board members."," Veritas Capital Fund Management LLC is a New York-based private equity firm, founded in 1992, with a focus on investing in companies that provide critical products and services, primarily technology-enabled solutions, to both government and commercial customers worldwide. The firm has over $40 billion in assets under management and is known for its longstanding investment in technology companies operating at the intersection of technology and government.",,,,,,,
Bluestone Equity Partners,"Founded by Bobby Sharma, a Duke Law graduate with deep industry connections on over 500+ LinkedIn profiles and Harvard Business School education from Jake Harris's profile details for Bluestone Equity Partners; they specialize in strategic capital partnerships within Sports, Media & Entertainment sectors.","Situated at the prestigious Chrysler Building in New York, Bluestone Equity Partners stands as an institutionally-backed private equity firm that invests primarily within outsourcing services and environmental sectors of the Sports, Media & Entertainment industry. Founded by a former professional football player with significant experience from both blue-chip investing realms alongside profound business ties in this sector, Bluestone Equity Partners seeks to deliver sustained value through strategic capital partnerships that focus on high-growth management teams and rights holders. Their recent notable accomplishment includes the closing of their inaugural $300 million growth equity fund targeting these industries globally, exemplified by a significant investment in VideoVerse for content delivery solutions within sports entertainment realms.
",Not Found,Not Found,Not Found,Bobby Sharma,7 employees at their primary location.,2023.0,"The information provided does not specify if Bluestone Equity Partners operates on a Business-to-Businesses (B2B) model exclusively. However, considering the context of investing in sports media and entertainment businesses alongside partnerships with established entities for capital access within this industry suggests it leans more towards B2B or mixed engagement strategies rather than strictly serving end consumers as a Business-to-Consumers (B2C) firm. Without explicit statements, the safest assumption given its investment focus is that Bluestone Equity Partners operates on at least some level of B2B model within this sector for private equity and growth capital funding purposes."
Kwik Brain,"Kwik Brain, led by CEO Alexis Banc and author Jim Kwik, is a globally recognized brand offering cutting-edge speed reading and memory training programs to busy individuals and organizations seeking efficiency enhancement in learning and life improvement for achieving more with less time. Their services are aimed at transforming the way people interact with their brain performance capabilities while also providing educational content on mental fitness, consciousness awareness, and positive self-talk through podcasts to deepen understanding of one's own cognitive processes.

","Enter the transformative world of accelerated learning with Kwik Brain, offering products and services designed to master new skills quickly, retain vast amounts of information effectively, and significantly boost overall brain power without relying on smart pills or endless brain games‚Äîachieving all in just 21 short days. With a strong emphasis on practicality and immediate results, Kwik Brain provides accessibility through various offerings including the highly-praised courses that promise to improve reading speed by up to 300%, alongside comprehensive time management techniques backed by Jim Kwik's expertise as the world‚Äôs #1 brain coach. They assure satisfaction with a guarantee on all products, inviting potential customers through their Help Center for further inquiries and specialized offers tailored towards personal improvement such as payment plans or additional programs like 'Kwik Recall Masterclass.'",Not Found,Not Found,Not Found,Alexis Banc,Not Found,2001.0,Kwik Brain is a B2B organization.
Kwik Learning,"Established as a renowned authority, Jim Kwik leads global memory and speed reading programs at Kwik Learning for individual clients and Fortune 500 companies worldwide to enhance learning efficiency. As an associate trainer at KwikKianGie School of Business in Jakarta with over 391 LinkedIn connections, he applies practical knowledge there too.","At Kwik Learning, they offer an array of services and products designed to make studying more enjoyable, efficient, and effective for students across all subjects. Leveraging Jim Kwik's top memory and study skills techniques, their platform provides lifel0t access to a comprehensive collection of engaging e-learning courses tailored to master technical and nonfiction material in three easy steps: understanding information better with the use of tools like mind maps or visualization; remembering through chunked learning into bite-sized sections that are easier to memorize, as well as employing techniques such as mnemonics for retention enhancement; recall by applying active review methods and practicing retrieval. Their resources offer a combination of cognitive strategies aimed at improving focus, motivation, and memory consolidation, helping students not only excel academically but also develop skills applicable to real-world tasks outside the classroom environment. They emphasize continuous learning through their programs that promise quick wins for learners while maintaining long-term educational progress. Kwik Student courses mimic advanced techniques used by high achievers in various fields, offering students a streamlined pathway toward academic success and goal achievement with less effort required to study effectively.
",Not Found,$7.4 billion,Not Found,- Jim Kwik,Not Found,2001.0,Kwik Learning is a B2B and B2C.
Kwik Learning,"Kwik Learning is globally recognized as a leader in enhancing memory and reading speed, serving individuals and top-tier corporate clients through their expertise and practical knowledge shared via Kwik Brain Podcast with over 60 million downloads, hosted by Jim Kwik.","Experience accelerated learning with products and services from Kwik Learning, designed to make studying more enjoyable and efficient. Their courses blend Jim Kwik's best memory techniques with proven study methods for improved focus, memorization, and comprehension across subjects, aiming to boost grades and qualifications while enhancing life readiness skills. The 30-day transformative program offers strategies not just academically but in mastering new skills broadly‚Äîenabling learners to unleash their inner genius effectively. Kwik Learning also provides discounts for last minute shoppers, making top learning tools accessible and affordable with lifetime access guarantees on the system approach to studying technical materials like math while discovering one's unique learning style through a 3-step process tailored by experts such as Jim Kwik.",$12 million in revenue,$12 million,Not Found,Alexis Banc,Not Found,2001.0,"Kwik Learning is primarily a B2B service. It focuses on business clients like Fortune 500 corporate and educational institutions by offering memory improvement and speed reading training programs. While they do serve individual learners through resources, the core of their services targets organizations for bulk knowledge enhancement within teams or individuals in professional settings as evidenced by articles linked to workshops with a business focus on employee development skills such as studying can be more enjoyable & efficient etc."
Born Again Construction LLC,"Born Again Construction, LLC is a contracting firm with objectives to exceed client expectations through dedication and quality work daily, offering both commercial and residential remodeling services while also representing Everest Energy Solutions for environmental opportunities. They maintain connections on LinkedIn and are committed to preserving the planet by giving back in their industry practices.","Welcome to Born Again Construction LLC! As your trusted contractor since 2008, we offer top-notch services in commercial and residential remodels for occupied job sites. Our expertise extends beyond metal buildings as well; our team prides itself on craftsmanship with projects such as barns, storm shelters, excavations, and restorative work at educational institutions. Ready to dream big? We're equipped to design it, plan it, manage it - we do all! With over 30 years of experience under our belt, your project aspirs are within reach through Born Again Construction LLC in Phoenix, AZ and surrounding areas. Don't hesitate ‚Äì get in touch for exceptional construction services that deliver quality with transparency at every step.
","USD 146,429",$14 million in annual revenue,Not Found,Founder/Owner's Full Name: Not provided in the given information.,$889,2008.0,"Given the provided information about Born Again Construction LLC and its business activities, it can be categorized under Business to Businesses (B2B). The company operates within construction-related projects such as residential remodels, commercial work, stucco estimating, storm shelters, barns, excavations, metal buildings, and specializes in educational institution renovations. They focus on building trust with quality contracting services for other businesses or property owners who are looking to engage their construction expertise. While they do provide a service that benefits the end user (the clients), their primary operation is delivering construction work which typically involves transactions between companies, developers and Born Again Construction LLC as subcontractors or prime contractors within those industries rather than direct consumer-to-consumer interactions characteristic of B2C."
Veritas Capital Fund Management LLC," Veritas Capital is a technology-focused private equity firm based in New York, with over $40 billion in assets under management. The company primarily invests in technology or technology-enabled solutions for both government and commercial customers worldwide. Veritas Capital's team includes experienced professionals such as Rushin Shah, Alex Chapin, and Hardik Patel. The firm's investments are centered around critical products, services, and software."," Veritas Capital Fund Management LLC is an American private-equity firm based in New York, founded in 1992. The firm exclusively invests in companies that provide critical products, services, and software, primarily technology or technology-enabled solutions, to both government and commercial customers worldwide. For over 25 years, Veritas Capital has focused on investing in companies that offer essential solutions to a wide range of industries.",,,,,,,
Veritas Capital Fund Management LLC," Veritas Capital is a technology-focused private equity firm with over $40 billion in assets under management. They invest in companies at the intersection of technology and government. The firm works with portfolio companies as board members to guide strategy, and their team includes partners like Alex Chapin, Hardik Patel, Alexander K., and Brendan Dillon. The company is based in New York. (Company Overview)

Veritas Capital offers private equity investment services, focusing on technology-centric companies. (Products & Services)

Not Found (Revenue)

Not Found (Founder or CEO)

Not Found (Employee Count)

Not Found (Year Founded)

B2B (Business Type)"," Veritas Capital is a New York-based private equity firm founded in 1992. They specialize in investing in companies that provide critical products, services, and software, primarily technology-enabled solutions, to government and commercial customers worldwide. Over the past 25 years, Veritas has exclusively focused on this niche, with their eighth flagship fund closing in 2022, bringing their total assets under management to approximately $45 billion. (Company Overview)

Veritas Capital offers investment services to companies providing technology-centric products and services to both government and commercial customers. (Products & Services)

Not Found (Revenue)

Veritas Capital was founded in 1992. (Year Founded)

Not Found (Founder or CEO)

Not Found (Employee Count)

B2B (Business Type)",,,,,,,
Born Again Construction LLC,Not Found,Not Found,Not Found,Not Found,Not Found,Not Found,Not Found,Not Found,Not Found
Born Again Construction LLC,"1. üè¢ Company Overview  
""Born Again Construction LLC is a general contractor specializing in commercial and residential remodels. The company handles occupied and operational job sites and also plans, manages, and builds multi-property projects. It serves both commercial and residential clients.""  

2. üõ†Ô∏è Products & Services  
""Provides general contracting services for commercial and residential remodels, including planning, managing, and building multi-property projects.""  

3. üí∞ Revenue  
Not Found  

4. üë§ Founder or CEO  
Not Found  

5. üßç Employee Count  
Not Found  

6. üóìÔ∏è Year Founded  
Not Found  

7. üîÅ Business Type  
""B2B, B2C"" (serves both commercial and residential clients)","1. üè¢ Company Overview  
Born Again Construction LLC is a construction company specializing in commercial and residential remodels, metal buildings, excavations, barns, and storm shelters. They serve clients in East Texas and Glendale, AZ, with expertise in occupied and operational job sites, as well as educational institution remodeling.  

2. üõ†Ô∏è Products & Services  
Provides construction and remodeling services, including commercial and residential projects, metal buildings, excavations, barns, storm shelters, and design-build solutions.  

3. üí∞ Revenue  
Not Found  

4. üë§ Founder or CEO  
Not Found  

5. üßç Employee Count  
Not Found  

6. üóìÔ∏è Year Founded  
2008  

7. üîÅ Business Type  
B2B, B2C",$146.43K,$1M-$5M,$234.92K,Not Found,6-10,2008,"1. üè¢ Company Overview  
""Born Again Construction LLC is a construction company specializing in commercial and residential remodels, metal buildings, excavations, barns, and storm shelters. They serve clients in East Texas and Arizona, offering design, planning, and project management services.""

2. üõ†Ô∏è Products & Services  
""Provides construction and remodeling services for both commercial and residential projects, including metal buildings, storm shelters, and excavations.""

3. üí∞ Revenue  
Not Found  

4. üë§ Founder or CEO  
Not Found  

5. üßç Employee Count  
Not Found  

6. üóìÔ∏è Year Founded  
2008  

7. üîÅ Business Type  
B2B, B2C"
Born Again Construction LLC,"Born Again Construction LLC is a general contracting company specializing in commercial and residential remodels, including occupied job sites. They emphasize exceeding client expectations and have experience in remodeling educational institutions. The company operates in locations like Fountain Hills and Montclair, with a focus on quality and faith-driven values.","Born Again Construction LLC offers a range of construction and remodeling services for both commercial and residential projects. Their expertise includes metal buildings, excavations, barns, storm shelters, and remodels, with a focus on occupied and operational job sites. They provide planning, management, and building services, including design work for expansions or new spaces. The company has experience in remodeling educational institutions and emphasizes quality craftsmanship. Operating since 2008, they serve areas like East Texas and Glendale, AZ, handling projects such as commercial permits and home improvements. Their mission is to deliver high-quality contracting work with attention to detail.","USD 146,429","USD 146,429",234921,Not Found.,Not Found,2008,B2C
Veritas Capital Fund Management LLC,"Veritas Capital is a longstanding technology investment firm with over $40 billion in assets under management. It focuses on companies in technology sectors and engages in private equity investments, due diligence, and portfolio management. Key team members include Rushin Shah (Managing Director, Credit) and Jeffrey W. (Partner). Location: New York.","Veritas Capital Fund Management LLC is a New York-based private equity firm founded in 1992. It invests in companies that provide critical products, services, and software, primarily technology or technology-enabled solutions, to government and commercial customers worldwide. The firm focuses on sectors such as defense, aerospace, and other mission-critical industries. With over 25 years of experience, Veritas Capital specializes in supporting businesses that deliver essential solutions to government and commercial clients, emphasizing innovation and technology-driven services. Its investment strategy centers on companies that offer high-value, technology-based products and services in key industries.",,,,,,,
Veritas Capital Fund Management LLC,"Veritas Capital is a technology-focused investment firm with over $40 billion in assets under management. It has a team of professionals, including partners and managing directors, who oversee private equity investments and work with portfolio companies on strategy. Notable team members include Rushin Shah and Varun Bhardwaj.","Veritas Capital Fund Management LLC is a New York-based private equity firm founded in 1992. It specializes in investing in companies that provide critical products, services, and software, primarily technology or technology-enabled solutions, to government and commercial customers worldwide. The firm focuses on sectors such as defense, aerospace, and government technology. With over 25 years of experience, Veritas Capital exclusively targets businesses delivering mission-critical solutions, emphasizing innovation in these areas. Its investments support companies that serve both public and private sector clients globally. The firm‚Äôs strategy centers on acquiring and growing businesses that offer essential technological and service-based solutions.",,,,,,,

