Company,City,State
Lumious,Erie,Pennsylvania
Kwik Brain,NY,NY
Quimbee,Charlotte,North Carolina
Canopy Ed,New Orleans,Louisiana
CustomGuide,Plymouth,Minnesota
AdaptedMind,San Fransisco,California
SafetySkills,Oklahoma City,Oklahoma
Digital Marketer,Austin,Texas
Explore Learning,Charlottesville,Virginia
Lawline,NY,NY
Instructing.com,Sarastoa,Florida
StudyMode,Los Angeles,California
Time4Learning,Dallas,Texas
GLSS (GoLeanSixSigma.com),Waianae,Hawaii
Michael Management Corporation,Los Angeles,California
Management Consulted,Redding,California
Interstride,San Francisco,California
Janek Performance Group,Henderson,Nevada
The Bob Pike Group,Eden Prairie,Minnesota
ELM Learning,New York,New York
LearnBrite -  3D Learning Experience Platform,Phoenix,Arizona
Transformance Advisors Inc.,Boulder,Colorado
Coder Foundry,Kernersville,North Carolina
Atomic Jolt,Millville,Utah
Gilfus Education Group,Washington,District of Columbia
"Clarity Innovations, Inc.",Portland,Oregon
Lifeliqe,San Francisco,California
College Success Plan,Scottsdale,Arizona
Centric Learning,Ann Arbor,Michigan
Digication,Providence,Rhode Island
Niche Academy,Lehi,Utah
Med-Challenger,Memphis,Tennessee
WIN Learning,Kingston,Tennessee
The Learning Guild,New York,New York
Millennia Atlantic University,Doral,Florida
"Examkrackers, Inc",Saint Louis,Missouri
Cyanna Education Services,Newark,Ohio
Guitar Tricks,San Francisco,California
MedSmarter,Suwanee,Georgia
Curvebreakers Test Prep,Garden City,New York
Oak Valley College,Rialto,California
"Madison Tutoring, LLC",Madison,Connecticut
GLSS,Waianae,Hawaii
OfficeNinjas,Oakland,California
CodaKid,Scottsdale,Arizona
eSpark Learning,Chicago,Illinois
Slooh,Washington,Connecticut
TestMax,Los Angeles,California
Mosaic Learning,Columbia,Maryland
Astria Learning,Tampa,Florida
Code To The Future,Vancouver,Washington
McAfee Institute,Chesterfield,Missouri
The GREEN Program,Philadelphia,Pennsylvania
TrainUp,Plano,Texas
Motivaim,Santa Clara,California
Ledet Training,Atlanta,Georgia
"TrainSmart, Inc",Rolling Meadows,IL
Bravura Training,St. Louis Park,Minnesota
Insight Experience,Concord,MA
Quantum Prep,North Andover,Massachusetts
Going Ivy,Phoenix,AZ
Admissionado,Chicago,IL
Aringo MBA Admissions Consulting,Dacula,Georgia
Atrixware,Williamsburg,Virginia
Black Spectacles,Chicago,Illinois
Cinecraft Productions,Cleveland,Ohio
Unboxed Training and Technology,Richmond,Virginia
Artisan Learning,Atlantic Beach,Florida
AP Safety Training,Lexington,South Carolina
TypeCoach LLC,Sarasota,Florida
Atma Global,Newtown,New York
7Sage,Potomac,Pennsyvania
WILL Interactive,Portland,Maryland
Idea Learning,Tampa,Oregon
"B-Lynk, Inc",,Florida
Trifoia,Eugene,Oregon
ADD Coach Academy,Albany,New York
Essential Education,Corvallis,Oregon
CIAO Seminars,Gulf Breeze,Florida
Restoration Technical Institute,Reading,Pennsylvania
OpenLiteracy,Pittsburgh,Pennsylvania
Berkeley Coding Academy,Berkeley,California
E-Learning Solved,Sharon,Massachusetts
Intellezy,Woburn,Massachusetts
911 e-Learning Solutions,Piedmont Triad Area,North Carolina
Learning Designs,Bloomfield Hills,Michigan
NetworkChuck,Dallas,Texas
Uxcel,Port St Lucie,Florida
Reading Horizons,Kaysville,UT
LanguageBird,Los Angeles,CA
Veritas Press,Lancaster,PA
IvyWise,New York,NY
InSync Training,Portsmouth,NH
Legendary Marketer,St Petersburg,FL
Big Nerd Ranch,Atlanta,GA
Acumen Learning,Salt Lake City,UT
ENTRE Institute,Saint George,UT
City Test Prep,New York,NY
Method Test Prep,New York,NY
Achieve Test Prep,New York,NY
EduGrowth Solutions,Austin,TX
Boom Learning,Kirkland,WA
Creative Coding 4 Kids,Seattle,WA
Best In Class Education Center,Seattle,WA
Cyber Now Labs,Sterling,VA
AoPS,San Diego,CA
Real Estate U,Miami,FL
UnboundEd,New York,New York
Kodeco,Alexandra,VA
Certus,Orlando,FL
NURSING.com,Portland,OR
Third Wave,Los Angeles,CA
Learnit,San Francisco,CA
PRACTICE BC,New York,New York
ibl.ai,New York,New York
LegalNurse.com,Houston,TX
Warrior Trading,Great Barrington,MA
MindPlay,Tucson,AZ
LightSpeed VT,Las Vegas,NV
Red Comet,Prosser,WA
BJJ Fanatics,Beverly,MA
Allied Schools,Laguna Hills,CA
ProTrainings,Ada,MI
TOPYX,Bonita Springs,FL
Forio,San Francisco,CA
Center for Athletic Performance Enhancement,Washington DC,DC
The Violet Group,Chicago,Illinois
TechChange,Washington DC,DC
AXIOM Learning Solutions,Westborough,MA
PM-Prolearn,Frederick,Maryland
Unboxed Training & Technology,Richmond,Virginia
Paralegal Boot Camp,Melbourne,Florida
CATCH Global Foundation,Philadelphia,PA
Feynman School,Potomac,MD
Lake Forrest Preparatory School,Maitland,FL
Kids in the Game,NY,NY
San Francisco Gymnastics,SF,CA
Fountain Valley Montessori,Newport Beach,CA
Crouching Tigers,Indianapolis,IN
Dignity of children,NY,NY
Excelldance,Warrenton,VA
Fairlawn Swim & Tennis Court,Akron,OH
Hawk Meadow Montessori,Poughkeepsie,NY
Stars Gymnastics Training Center,Houston,TX
Quantum Academy,Berkeley,CA
Railyard Fitness,Nashville,TN
Seattle Learning Center,Seattle,WA
Stumpf's Gymnastics Center,Buffalo,NY
Maven Analytics,Boston,MA
Mike Holt Enterprises,Leesburg,FL
Transformation Academy,Clearwater,FL
Dion Training,Orlando,FL
Ninja Tropic E-learning,Phoenix,AZ
ABA Technologies,Melbourne,FL
WIldsparq,Birmingham,AL
OnLine Training Institute,West Palm Beach,FL
Gemba Academy,Keller,TX
Re:Coded,New York,NY
Investment Banking Institute,Newton,PA
Focus Personal Training Institute,New York,NY
Blue Ocean Brain,Glen Allen,VA
Content Enablers LLC,Saratoga Springs,NY
Computer Coach IT Training,Tampa,FL
Language Trainers,New York,NY
HigherEdJobs,State College,PA
Animation Mentor,New York,NY
Academic Impressions,Greenwood Village,CO
Knowledge Anywhere,Seattle,WA
Obsidian Learning,Houston,TX
PrepScholar,Cambridge,MA
Coggno,San Jose,CA
Magna Publications,Madison,WI
Allen Interactions,Mendota Heights,MN
Bigger Brains,Anderson,SC
Assessment Systems Corporation,Stillwater,MN
Excel Test Prep,Fremont,CA
NextThought,Norman,OK
Apollidon Learning,Oldsmar,FL
HRDQ,West Chester,PA
AcceptU,Newton,MA
Marks Education,Bethesda,MD
Top Score Writing,Pembroke Pines,FL
Victory Step Education,Dallas,TX
Ascend Education,Provo,Utah
Firat Education,Houston,TX
EdgePoint Learning,Scottsdale,AZ
Galin Education,Madison,WI
Hyperskill,Dover,DE
BirdBrain Technologies,Pittsburgh,PA
Brainscape,New York,NY
CueThink,Boston,MA
Kodable Education,San Diego,CA
Bamboo Learning,Seattle,WA
Frontend Masters,Minneapols,MN
Marie Forleo International,New York,NY
Professional Development Institute-K-12 Teacher Online Training,Irvine,CA
Mindset Digital,Columbus,OH
KelbyOne,Oldsmar,FL
Total Training,San Diego,CA
VDCI,San Diego,CA
Aurora Training Advantage,Sanford,FL
Profit Soup,Federal Way,WA
Center for Leadership Development,Indianapolis,IN
EdTechTeacher,Boston,MA
Ducklings Early Learning Centers,Kennett Square,PA
Cedars Preschool,Locust Grove,GA
Brain Power,Cambridge,MA
Peak Academic Coaching,Buford,GA
Lift Enrichment,Scottsdale,AZ
Ambria College of Nursing,Hoffman Estates,IL
FlashFilm Academy,Allen,TX
Eduocity,Pensacola,FL
Little Angels Childcare,Spring,TX
Hanmi Tae Kwon Do,Worcester,MA
Kinder Kastle,Clifton,NJ
Euro Institute of Skin Care,Renton,WA
Velociteach,Kennesaw,GA
Nursehub,Boston,MA
Edlyft,San Francisco,CA
Pathstream,San Francisco,CA
InGenius Prep,New Haven,CT
CXL,Austin,TX
Mathseeds,Fremont,CA
Medical Coding Academy,Dallas,TX
Logic of English,Rochester,MN
Yabla,New York,NY
Red Apple Reading Inc.,Kalispell,MT
Funnix,Eugene,OR
Math Help,Houston,TX
Mathchops,Jersey City,NJ
Robot Academy,Columbus,OH
Mr D Math,Sarasota,FL
MobyMax,Pittsburgh,Pennsylvania
School of PE,Dublin,Ohio
Cape School Inc,Buckingham,Virginia
Learn Excel Now,Malvern,Pennsylvania
Simon Sinek's The Optimism Company,New York,New York
Advantagepress,Hillsboro,OR
Peak Performance Sports Camps LLC,Norwalk,CT
Student Success Agency,Dallas,TX
Creative World School,Bonita Springs,FL
Academic Approach,Chicago,IL
TestMasters,Los Angeles,CA
The Pineapple School,San Antonio,TX
Dental Assisting Career Centers,Delray Beach,FL
PrepMatters,Bethesda,MD
Teachable,New York,NY
Bloom Institute of Technology,San Francisco,CA