company_name,company_website,company_linkedin,ceo_name,ceo_position,ceo_email,ceo_linkedin,status
Lumious,,,,,,,Company not found
Kwik Brain,,,,,,,Company not found
Quimbee,,,,,,,Company not found
Canopy Ed,,,,,,,Company not found
CustomGuide,,,,,,,Company not found
AdaptedMind,,,,,,,Company not found
SafetySkills,,,,,,,Company not found
Digital Marketer,,,,,,,Company not found
Explore Learning,,,,,,,Company not found
Lawline,,,,,,,Company not found
Instructing.com,,,,,,,Company not found
StudyMode,,,,,,,Company not found
Time4Learning,,,,,,,Company not found
GLSS (GoLeanSixSigma.com),,,,,,,Company not found
Michael Management Corporation,,,,,,,Company not found
Management Consulted,,,,,,,Company not found
Interstride,,,,,,,Company not found
Janek Performance Group,,,,,,,Company not found
The Bob Pike Group,,,,,,,Company not found
ELM Learning,,,,,,,Company not found
LearnBrite -  3D Learning Experience Platform,,,,,,,Company not found
Transformance Advisors Inc.,,,,,,,Company not found
Coder Foundry,,,,,,,Company not found
Atomic Jolt,,,,,,,Company not found
Gilfus Education Group,,,,,,,Company not found
"Clarity Innovations, Inc.",,,,,,,Company not found
Lifeliqe,,,,,,,Company not found
College Success Plan,,,,,,,Company not found
Centric Learning,,,,,,,Company not found
Digication,,,,,,,Company not found
Niche Academy,,,,,,,Company not found
Med-Challenger,,,,,,,Company not found
WIN Learning,,,,,,,Company not found
The Learning Guild,,,,,,,Company not found
Millennia Atlantic University,,,,,,,Company not found
"Examkrackers, Inc",,,,,,,Company not found
Cyanna Education Services,,,,,,,Company not found
Guitar Tricks,,,,,,,Company not found
MedSmarter,,,,,,,Company not found
Curvebreakers Test Prep,,,,,,,Company not found
Oak Valley College,,,,,,,Company not found
"Madison Tutoring, LLC",,,,,,,Company not found
GLSS,,,,,,,Company not found
OfficeNinjas,,,,,,,Company not found
CodaKid,,,,,,,Company not found
eSpark Learning,,,,,,,Company not found
Slooh,,,,,,,Company not found
TestMax,,,,,,,Company not found
Mosaic Learning,,,,,,,Company not found
Astria Learning,,,,,,,Company not found
Code To The Future,,,,,,,Company not found
McAfee Institute,,,,,,,Company not found
The GREEN Program,,,,,,,Company not found
TrainUp,,,,,,,Company not found
Motivaim,,,,,,,Company not found
Ledet Training,,,,,,,Company not found
"TrainSmart, Inc",,,,,,,Company not found
Bravura Training,,,,,,,Company not found
Insight Experience,,,,,,,Company not found
Quantum Prep,,,,,,,Company not found
Going Ivy,,,,,,,Company not found
Admissionado,,,,,,,Company not found
Aringo MBA Admissions Consulting,,,,,,,Company not found
Atrixware,,,,,,,Company not found
Black Spectacles,,,,,,,Company not found
Cinecraft Productions,,,,,,,Company not found
Unboxed Training and Technology,,,,,,,Company not found
Artisan Learning,,,,,,,Company not found
AP Safety Training,,,,,,,Company not found
TypeCoach LLC,,,,,,,Company not found
Atma Global,,,,,,,Company not found
7Sage,,,,,,,Company not found
WILL Interactive,,,,,,,Company not found
Idea Learning,,,,,,,Company not found
"B-Lynk, Inc",,,,,,,Company not found
Trifoia,,,,,,,Company not found
ADD Coach Academy,,,,,,,Company not found
Essential Education,,,,,,,Company not found
CIAO Seminars,,,,,,,Company not found
Restoration Technical Institute,,,,,,,Company not found
OpenLiteracy,,,,,,,Company not found
Berkeley Coding Academy,,,,,,,Company not found
E-Learning Solved,,,,,,,Company not found
Intellezy,,,,,,,Company not found
911 e-Learning Solutions,,,,,,,Company not found
Learning Designs,,,,,,,Company not found
NetworkChuck,,,,,,,Company not found
Uxcel,,,,,,,Company not found
Reading Horizons,,,,,,,Company not found
LanguageBird,,,,,,,Company not found
Veritas Press,,,,,,,Company not found
IvyWise,,,,,,,Company not found
InSync Training,,,,,,,Company not found
Legendary Marketer,,,,,,,Company not found
Big Nerd Ranch,,,,,,,Company not found
Acumen Learning,,,,,,,Company not found
ENTRE Institute,,,,,,,Company not found
City Test Prep,,,,,,,Company not found
Method Test Prep,,,,,,,Company not found
Achieve Test Prep,,,,,,,Company not found
EduGrowth Solutions,,,,,,,Company not found
Boom Learning,,,,,,,Company not found
Creative Coding 4 Kids,,,,,,,Company not found
Best In Class Education Center,,,,,,,Company not found
Cyber Now Labs,,,,,,,Company not found
AoPS,,,,,,,Company not found
Real Estate U,,,,,,,Company not found
UnboundEd,,,,,,,Company not found
Kodeco,,,,,,,Company not found
Certus,,,,,,,Company not found
NURSING.com,,,,,,,Company not found
Third Wave,,,,,,,Company not found
Learnit,,,,,,,Company not found
PRACTICE BC,,,,,,,Company not found
ibl.ai,,,,,,,Company not found
LegalNurse.com,,,,,,,Company not found
Warrior Trading,,,,,,,Company not found
MindPlay,,,,,,,Company not found
LightSpeed VT,,,,,,,Company not found
Red Comet,,,,,,,Company not found
BJJ Fanatics,,,,,,,Company not found
Allied Schools,,,,,,,Company not found
ProTrainings,,,,,,,Company not found
TOPYX,,,,,,,Company not found
Forio,,,,,,,Company not found
Center for Athletic Performance Enhancement,,,,,,,Company not found
The Violet Group,,,,,,,Company not found
TechChange,,,,,,,Company not found
AXIOM Learning Solutions,,,,,,,Company not found
PM-Prolearn,,,,,,,Company not found
Unboxed Training & Technology,,,,,,,Company not found
Paralegal Boot Camp,,,,,,,Company not found
CATCH Global Foundation,,,,,,,Company not found
Feynman School,,,,,,,Company not found
Lake Forrest Preparatory School,,,,,,,Company not found
Kids in the Game,,,,,,,Company not found
San Francisco Gymnastics,,,,,,,Company not found
Fountain Valley Montessori,,,,,,,Company not found
Crouching Tigers,,,,,,,Company not found
Dignity of children,,,,,,,Company not found
Excelldance,,,,,,,Company not found
Fairlawn Swim & Tennis Court,,,,,,,Company not found
Hawk Meadow Montessori,,,,,,,Company not found
Stars Gymnastics Training Center,,,,,,,Company not found
Quantum Academy,,,,,,,Company not found
Railyard Fitness,,,,,,,Company not found
Seattle Learning Center,,,,,,,Company not found
Stumpf's Gymnastics Center,,,,,,,Company not found
Maven Analytics,,,,,,,Company not found
Mike Holt Enterprises,,,,,,,Company not found
Transformation Academy,,,,,,,Company not found
Dion Training,,,,,,,Company not found
Ninja Tropic E-learning,,,,,,,Company not found
ABA Technologies,,,,,,,Company not found
WIldsparq,,,,,,,Company not found
OnLine Training Institute,,,,,,,Company not found
Gemba Academy,,,,,,,Company not found
Re:Coded,,,,,,,Company not found
Investment Banking Institute,,,,,,,Company not found
Focus Personal Training Institute,,,,,,,Company not found
Blue Ocean Brain,,,,,,,Company not found
Content Enablers LLC,,,,,,,Company not found
Computer Coach IT Training,,,,,,,Company not found
Language Trainers,,,,,,,Company not found
HigherEdJobs,,,,,,,Company not found
Animation Mentor,,,,,,,Company not found
Academic Impressions,,,,,,,Company not found
Knowledge Anywhere,,,,,,,Company not found
Obsidian Learning,,,,,,,Company not found
PrepScholar,,,,,,,Company not found
Coggno,,,,,,,Company not found
Magna Publications,,,,,,,Company not found
Allen Interactions,,,,,,,Company not found
Bigger Brains,,,,,,,Company not found
Assessment Systems Corporation,,,,,,,Company not found
Excel Test Prep,,,,,,,Company not found
NextThought,,,,,,,Company not found
Apollidon Learning,,,,,,,Company not found
HRDQ,,,,,,,Company not found
AcceptU,,,,,,,Company not found
Marks Education,,,,,,,Company not found
Top Score Writing,,,,,,,Company not found
Victory Step Education,,,,,,,Company not found
Ascend Education,,,,,,,Company not found
Firat Education,,,,,,,Company not found
EdgePoint Learning,,,,,,,Company not found
Galin Education,,,,,,,Company not found
Hyperskill,,,,,,,Company not found
BirdBrain Technologies,,,,,,,Company not found
Brainscape,,,,,,,Company not found
CueThink,,,,,,,Company not found
Kodable Education,,,,,,,Company not found
Bamboo Learning,,,,,,,Company not found
Frontend Masters,,,,,,,Company not found
Marie Forleo International,,,,,,,Company not found
Professional Development Institute-K-12 Teacher Online Training,,,,,,,Company not found
Mindset Digital,,,,,,,Company not found
KelbyOne,,,,,,,Company not found
Total Training,,,,,,,Company not found
VDCI,,,,,,,Company not found
Aurora Training Advantage,,,,,,,Company not found
Profit Soup,,,,,,,Company not found
Center for Leadership Development,,,,,,,Company not found
EdTechTeacher,,,,,,,Company not found
Ducklings Early Learning Centers,,,,,,,Company not found
Cedars Preschool,,,,,,,Company not found
Brain Power,,,,,,,Company not found
Peak Academic Coaching,,,,,,,Company not found
Lift Enrichment,,,,,,,Company not found
Ambria College of Nursing,,,,,,,Company not found
FlashFilm Academy,,,,,,,Company not found
Eduocity,,,,,,,Company not found
Little Angels Childcare,,,,,,,Company not found
Hanmi Tae Kwon Do,,,,,,,Company not found
Kinder Kastle,,,,,,,Company not found
Euro Institute of Skin Care,,,,,,,Company not found
Velociteach,,,,,,,Company not found
Nursehub,,,,,,,Company not found
Edlyft,,,,,,,Company not found
Pathstream,,,,,,,Company not found
InGenius Prep,,,,,,,Company not found
CXL,,,,,,,Company not found
Mathseeds,,,,,,,Company not found
Medical Coding Academy,,,,,,,Company not found
Logic of English,,,,,,,Company not found
Yabla,,,,,,,Company not found
Red Apple Reading Inc.,,,,,,,Company not found
Funnix,,,,,,,Company not found
Math Help,,,,,,,Company not found
Mathchops,,,,,,,Company not found
Robot Academy,,,,,,,Company not found
Mr D Math,,,,,,,Company not found
MobyMax,,,,,,,Company not found
School of PE,,,,,,,Company not found
Cape School Inc,,,,,,,Company not found
Learn Excel Now,,,,,,,Company not found
Simon Sinek's The Optimism Company,,,,,,,Company not found
Advantagepress,,,,,,,Company not found
Peak Performance Sports Camps LLC,,,,,,,Company not found
Student Success Agency,,,,,,,Company not found
Creative World School,,,,,,,Company not found
Academic Approach,,,,,,,Company not found
TestMasters,,,,,,,Company not found
The Pineapple School,,,,,,,Company not found
Dental Assisting Career Centers,,,,,,,Company not found
PrepMatters,,,,,,,Company not found
Teachable,,,,,,,Company not found
Bloom Institute of Technology,,,,,,,Company not found
