Business Name,Industry/Category,Address,Street Name,City,State,Phone Number,Website,Rating,Number of Reviews,Price Range,Business URL,Scrape Date
,N/A,N/A,N/A,N/A,N/A,N/A,N/A,N/A,N/A,N/A,/biz/vo-pools-fresno?osq=swimming+pool+contractors&override_cta=Request+quote+%26+availability,2025-04-13
VO Pools,N/A,N/A,N/A,N/A,N/A,N/A,N/A,N/A,N/A,N/A,/biz/vo-pools-fresno?osq=swimming+pool+contractors&override_cta=Request+quote+%26+availability,2025-04-13
more,N/A,N/A,N/A,N/A,N/A,N/A,N/A,N/A,N/A,N/A,/biz/vo-pools-fresno?hrid=YOfj1VOiqn_UbFYQUez0Cg&osq=swimming+pool+contractors,2025-04-13
,N/A,N/A,N/A,N/A,N/A,N/A,N/A,N/A,N/A,N/A,/biz/holiday-pools-fresno?osq=swimming+pool+contractors&override_cta=Request+quote+%26+availability,2025-04-13
Holiday Pools,N/A,N/A,N/A,N/A,N/A,N/A,N/A,N/A,N/A,N/A,/biz/holiday-pools-fresno?osq=swimming+pool+contractors&override_cta=Request+quote+%26+availability,2025-04-13
more,N/A,N/A,N/A,N/A,N/A,N/A,N/A,N/A,N/A,N/A,/biz/holiday-pools-fresno?hrid=HLy6ngUWMUTrMM_DuEn9wg&osq=swimming+pool+contractors,2025-04-13
,N/A,N/A,N/A,N/A,N/A,N/A,N/A,N/A,N/A,N/A,/biz/arts-pools-and-spas-fresno?osq=swimming+pool+contractors&override_cta=Request+quote+%26+availability,2025-04-13
Artâ€™s Pools & Spas,N/A,N/A,N/A,N/A,N/A,N/A,N/A,N/A,N/A,N/A,/biz/arts-pools-and-spas-fresno?osq=swimming+pool+contractors&override_cta=Request+quote+%26+availability,2025-04-13
more,N/A,N/A,N/A,N/A,N/A,N/A,N/A,N/A,N/A,N/A,/biz/arts-pools-and-spas-fresno?hrid=w8dF8pXGlwUPijYvCX_fIw&osq=swimming+pool+contractors,2025-04-13
,N/A,N/A,N/A,N/A,N/A,N/A,N/A,N/A,N/A,N/A,/biz/khb-construction-turlock-3?osq=swimming+pool+contractors&override_cta=Request+quote+%26+availability,2025-04-13
KHB Construction,N/A,N/A,N/A,N/A,N/A,N/A,N/A,N/A,N/A,N/A,/biz/khb-construction-turlock-3?osq=swimming+pool+contractors&override_cta=Request+quote+%26+availability,2025-04-13
more,N/A,N/A,N/A,N/A,N/A,N/A,N/A,N/A,N/A,N/A,/biz/khb-construction-turlock-3?hrid=FmC75VDSDd4kMIMyUroMzQ&osq=swimming+pool+contractors,2025-04-13
,N/A,N/A,N/A,N/A,N/A,N/A,N/A,N/A,N/A,N/A,/biz/khb-construction-turlock-3?osq=swimming+pool+contractors&override_cta=Request+quote+%26+availability,2025-04-13
,N/A,N/A,N/A,N/A,N/A,N/A,N/A,N/A,N/A,N/A,/biz/khb-construction-turlock-3?osq=swimming+pool+contractors&override_cta=Request+quote+%26+availability,2025-04-13
,N/A,N/A,N/A,N/A,N/A,N/A,N/A,N/A,N/A,N/A,/biz/khb-construction-turlock-3?osq=swimming+pool+contractors&override_cta=Request+quote+%26+availability,2025-04-13
,N/A,N/A,N/A,N/A,N/A,N/A,N/A,N/A,N/A,N/A,/biz/khb-construction-turlock-3?osq=swimming+pool+contractors&override_cta=Request+quote+%26+availability,2025-04-13
,N/A,N/A,N/A,N/A,N/A,N/A,N/A,N/A,N/A,N/A,/biz/advantage-pools-and-service-fresno?osq=swimming+pool+contractors&override_cta=Request+quote+%26+availability,2025-04-13
Advantage Pools & Service,N/A,N/A,N/A,N/A,N/A,N/A,N/A,N/A,N/A,N/A,/biz/advantage-pools-and-service-fresno?osq=swimming+pool+contractors&override_cta=Request+quote+%26+availability,2025-04-13
more,N/A,N/A,N/A,N/A,N/A,N/A,N/A,N/A,N/A,N/A,/biz/advantage-pools-and-service-fresno?hrid=KfG9S-gjGPa4XuNwAoKvgA&osq=swimming+pool+contractors,2025-04-13
,N/A,N/A,N/A,N/A,N/A,N/A,N/A,N/A,N/A,N/A,/biz/advanced-tile-cleaning-clovis?osq=swimming+pool+contractors&override_cta=Request+quote+%26+availability,2025-04-13
Advanced Tile Cleaning,N/A,N/A,N/A,N/A,N/A,N/A,N/A,N/A,N/A,N/A,/biz/advanced-tile-cleaning-clovis?osq=swimming+pool+contractors&override_cta=Request+quote+%26+availability,2025-04-13
more,N/A,N/A,N/A,N/A,N/A,N/A,N/A,N/A,N/A,N/A,/biz/advanced-tile-cleaning-clovis?hrid=bSD1lrjcV16U5pwj7MUZag&osq=swimming+pool+contractors,2025-04-13
,N/A,N/A,N/A,N/A,N/A,N/A,N/A,N/A,N/A,N/A,/biz/propatio-by-weber-construction-clovis?osq=swimming+pool+contractors&override_cta=Request+quote+%26+availability,2025-04-13
ProPatio by Weber Construction,N/A,N/A,N/A,N/A,N/A,N/A,N/A,N/A,N/A,N/A,/biz/propatio-by-weber-construction-clovis?osq=swimming+pool+contractors&override_cta=Request+quote+%26+availability,2025-04-13
more,N/A,N/A,N/A,N/A,N/A,N/A,N/A,N/A,N/A,N/A,/biz/propatio-by-weber-construction-clovis?hrid=_Wk58Xof1RYRWLimUzonIw&osq=swimming+pool+contractors,2025-04-13
,N/A,N/A,N/A,N/A,N/A,N/A,N/A,N/A,N/A,N/A,/biz/yanez-construction-reedley?osq=swimming+pool+contractors&override_cta=Request+quote+%26+availability,2025-04-13
Yanez Construction,N/A,N/A,N/A,N/A,N/A,N/A,N/A,N/A,N/A,N/A,/biz/yanez-construction-reedley?osq=swimming+pool+contractors&override_cta=Request+quote+%26+availability,2025-04-13
more,N/A,N/A,N/A,N/A,N/A,N/A,N/A,N/A,N/A,N/A,/biz/yanez-construction-reedley?hrid=KI-3CjqyflieUyZ9P7_mVA&osq=swimming+pool+contractors,2025-04-13
,N/A,N/A,N/A,N/A,N/A,N/A,N/A,N/A,N/A,N/A,/biz/r-and-b-framing-sacramento-4?osq=swimming+pool+contractors&override_cta=Request+quote+%26+availability,2025-04-13
R&B Framing,N/A,N/A,N/A,N/A,N/A,N/A,N/A,N/A,N/A,N/A,/biz/r-and-b-framing-sacramento-4?osq=swimming+pool+contractors&override_cta=Request+quote+%26+availability,2025-04-13
more,N/A,N/A,N/A,N/A,N/A,N/A,N/A,N/A,N/A,N/A,/biz/r-and-b-framing-sacramento-4?hrid=rm81PwSxCmi9V-wAjI-2og&osq=swimming+pool+contractors,2025-04-13
,N/A,N/A,N/A,N/A,N/A,N/A,N/A,N/A,N/A,N/A,/biz/r-and-b-framing-sacramento-4?osq=swimming+pool+contractors&override_cta=Request+quote+%26+availability,2025-04-13
,N/A,N/A,N/A,N/A,N/A,N/A,N/A,N/A,N/A,N/A,/biz/r-and-b-framing-sacramento-4?osq=swimming+pool+contractors&override_cta=Request+quote+%26+availability,2025-04-13
,N/A,N/A,N/A,N/A,N/A,N/A,N/A,N/A,N/A,N/A,/biz/r-and-b-framing-sacramento-4?osq=swimming+pool+contractors&override_cta=Request+quote+%26+availability,2025-04-13
,N/A,N/A,N/A,N/A,N/A,N/A,N/A,N/A,N/A,N/A,/biz/r-and-b-framing-sacramento-4?osq=swimming+pool+contractors&override_cta=Request+quote+%26+availability,2025-04-13
,N/A,N/A,N/A,N/A,N/A,N/A,N/A,N/A,N/A,N/A,/biz/land-shark-pool-and-backyard-living-clovis-2?osq=swimming+pool+contractors&override_cta=Request+quote+%26+availability,2025-04-13
Land Shark Pool and Backyard Living,N/A,N/A,N/A,N/A,N/A,N/A,N/A,N/A,N/A,N/A,/biz/land-shark-pool-and-backyard-living-clovis-2?osq=swimming+pool+contractors&override_cta=Request+quote+%26+availability,2025-04-13
more,N/A,N/A,N/A,N/A,N/A,N/A,N/A,N/A,N/A,N/A,/biz/land-shark-pool-and-backyard-living-clovis-2?hrid=t01LsDnupAkRuPltG-vmFQ&osq=swimming+pool+contractors,2025-04-13
See more reviews for this business.,N/A,N/A,N/A,N/A,N/A,N/A,N/A,N/A,N/A,N/A,/biz/vo-pools-fresno,2025-04-13
